table_schema	table_name	ordinal_position	column_name	data_type	udt_name	is_nullable	column_default
public	agent_checkpoints	1	runId	character varying	varchar	NO	
public	agent_checkpoints	2	agentId	character varying	varchar	YES	
public	agent_checkpoints	3	state	text	text	YES	
public	agent_checkpoints	4	expired	boolean	bool	NO	false
public	agent_checkpoints	5	createdAt	timestamp with time zone	timestamptz	NO	CURRENT_TIMESTAMP(3)
public	agent_checkpoints	6	updatedAt	timestamp with time zone	timestamptz	NO	CURRENT_TIMESTAMP(3)
public	agent_execution	1	id	character varying	varchar	NO	
public	agent_execution	2	threadId	character varying	varchar	NO	
public	agent_execution	3	status	character varying	varchar	NO	
public	agent_execution	4	startedAt	timestamp with time zone	timestamptz	YES	
public	agent_execution	5	stoppedAt	timestamp with time zone	timestamptz	YES	
public	agent_execution	6	duration	integer	int4	NO	0
public	agent_execution	7	userMessage	text	text	NO	
public	agent_execution	8	assistantResponse	text	text	NO	
public	agent_execution	9	model	character varying	varchar	YES	
public	agent_execution	10	promptTokens	integer	int4	YES	
public	agent_execution	11	completionTokens	integer	int4	YES	
public	agent_execution	12	totalTokens	integer	int4	YES	
public	agent_execution	13	cost	double precision	float8	YES	
public	agent_execution	14	toolCalls	json	json	YES	
public	agent_execution	15	timeline	json	json	YES	
public	agent_execution	16	error	text	text	YES	
public	agent_execution	17	hitlStatus	character varying	varchar	YES	
public	agent_execution	19	source	character varying	varchar	YES	
public	agent_execution	20	createdAt	timestamp with time zone	timestamptz	NO	CURRENT_TIMESTAMP(3)
public	agent_execution	21	updatedAt	timestamp with time zone	timestamptz	NO	CURRENT_TIMESTAMP(3)
public	agent_execution_threads	1	id	character varying	varchar	NO	
public	agent_execution_threads	2	agentId	character varying	varchar	NO	
public	agent_execution_threads	3	agentName	character varying	varchar	NO	
public	agent_execution_threads	4	projectId	character varying	varchar	NO	
public	agent_execution_threads	5	sessionNumber	integer	int4	NO	0
public	agent_execution_threads	6	totalPromptTokens	integer	int4	NO	0
public	agent_execution_threads	7	totalCompletionTokens	integer	int4	NO	0
public	agent_execution_threads	8	totalCost	double precision	float8	NO	0
public	agent_execution_threads	9	totalDuration	integer	int4	NO	0
public	agent_execution_threads	10	title	character varying	varchar	YES	
public	agent_execution_threads	11	emoji	character varying	varchar	YES	
public	agent_execution_threads	12	createdAt	timestamp with time zone	timestamptz	NO	CURRENT_TIMESTAMP(3)
public	agent_execution_threads	13	updatedAt	timestamp with time zone	timestamptz	NO	CURRENT_TIMESTAMP(3)
public	agent_execution_threads	14	taskId	character varying	varchar	YES	
public	agent_execution_threads	15	taskVersionId	character varying	varchar	YES	
public	agent_files	1	id	character varying	varchar	NO	
public	agent_files	2	agentId	character varying	varchar	NO	
public	agent_files	3	binaryDataId	text	text	NO	
public	agent_files	4	fileName	character varying	varchar	NO	
public	agent_files	5	mimeType	character varying	varchar	NO	
public	agent_files	6	fileSizeBytes	integer	int4	NO	
public	agent_files	7	createdAt	timestamp with time zone	timestamptz	NO	CURRENT_TIMESTAMP(3)
public	agent_files	8	updatedAt	timestamp with time zone	timestamptz	NO	CURRENT_TIMESTAMP(3)
public	agent_history	1	versionId	character varying	varchar	NO	
public	agent_history	2	agentId	character varying	varchar	NO	
public	agent_history	3	schema	json	json	YES	
public	agent_history	4	tools	json	json	YES	
public	agent_history	5	skills	json	json	YES	
public	agent_history	6	publishedById	uuid	uuid	YES	
public	agent_history	7	author	character varying	varchar	NO	
public	agent_history	8	createdAt	timestamp with time zone	timestamptz	NO	CURRENT_TIMESTAMP(3)
public	agent_history	9	updatedAt	timestamp with time zone	timestamptz	NO	CURRENT_TIMESTAMP(3)
public	agent_task_definition	1	id	character varying	varchar	NO	
public	agent_task_definition	2	agentId	character varying	varchar	NO	
public	agent_task_definition	3	name	character varying	varchar	NO	
public	agent_task_definition	4	objective	text	text	NO	
public	agent_task_definition	5	cronExpression	character varying	varchar	NO	
public	agent_task_definition	6	createdAt	timestamp with time zone	timestamptz	NO	CURRENT_TIMESTAMP(3)
public	agent_task_definition	7	updatedAt	timestamp with time zone	timestamptz	NO	CURRENT_TIMESTAMP(3)
public	agent_task_run_lock	1	agentId	character varying	varchar	NO	
public	agent_task_run_lock	2	taskId	character varying	varchar	NO	
public	agent_task_run_lock	3	holderId	uuid	uuid	NO	
public	agent_task_run_lock	4	heldUntil	timestamp with time zone	timestamptz	NO	
public	agent_task_run_lock	5	createdAt	timestamp with time zone	timestamptz	NO	CURRENT_TIMESTAMP(3)
public	agent_task_run_lock	6	updatedAt	timestamp with time zone	timestamptz	NO	CURRENT_TIMESTAMP(3)
public	agent_task_snapshot	1	versionId	character varying	varchar	NO	
public	agent_task_snapshot	2	taskId	character varying	varchar	NO	
public	agent_task_snapshot	3	enabled	boolean	bool	NO	
public	agent_task_snapshot	4	name	character varying	varchar	NO	
public	agent_task_snapshot	5	objective	text	text	NO	
public	agent_task_snapshot	6	cronExpression	character varying	varchar	NO	
public	agent_task_snapshot	7	createdAt	timestamp with time zone	timestamptz	NO	CURRENT_TIMESTAMP(3)
public	agent_task_snapshot	8	updatedAt	timestamp with time zone	timestamptz	NO	CURRENT_TIMESTAMP(3)
public	agents	1	id	character varying	varchar	NO	
public	agents	2	name	character varying	varchar	NO	
public	agents	3	description	character varying	varchar	YES	
public	agents	4	projectId	character varying	varchar	NO	
public	agents	8	integrations	json	json	NO	'[]'::json
public	agents	9	schema	json	json	YES	
public	agents	10	tools	json	json	NO	'{}'::json
public	agents	11	skills	json	json	NO	'{}'::json
public	agents	12	versionId	character varying	varchar	YES	
public	agents	13	createdAt	timestamp with time zone	timestamptz	NO	CURRENT_TIMESTAMP(3)
public	agents	14	updatedAt	timestamp with time zone	timestamptz	NO	CURRENT_TIMESTAMP(3)
public	agents	15	activeVersionId	character varying	varchar	YES	
public	agents_memory_entries	1	id	character varying	varchar	NO	
public	agents_memory_entries	2	agentId	character varying	varchar	NO	
public	agents_memory_entries	3	resourceId	character varying	varchar	NO	
public	agents_memory_entries	4	content	text	text	NO	
public	agents_memory_entries	5	contentHash	character varying	varchar	NO	
public	agents_memory_entries	6	status	character varying	varchar	NO	
public	agents_memory_entries	7	supersededBy	character varying	varchar	YES	
public	agents_memory_entries	8	embeddingModel	character varying	varchar	YES	
public	agents_memory_entries	9	embedding	json	json	YES	
public	agents_memory_entries	10	metadata	json	json	YES	
public	agents_memory_entries	11	lastSeenAt	timestamp with time zone	timestamptz	NO	
public	agents_memory_entries	12	createdAt	timestamp with time zone	timestamptz	NO	CURRENT_TIMESTAMP(3)
public	agents_memory_entries	13	updatedAt	timestamp with time zone	timestamptz	NO	CURRENT_TIMESTAMP(3)
public	agents_memory_entry_cursors	1	agentId	character varying	varchar	NO	
public	agents_memory_entry_cursors	2	observationScopeId	character varying	varchar	NO	
public	agents_memory_entry_cursors	3	lastIndexedObservationId	character varying	varchar	NO	
public	agents_memory_entry_cursors	4	lastIndexedObservationCreatedAt	timestamp with time zone	timestamptz	NO	
public	agents_memory_entry_cursors	5	createdAt	timestamp with time zone	timestamptz	NO	CURRENT_TIMESTAMP(3)
public	agents_memory_entry_cursors	6	updatedAt	timestamp with time zone	timestamptz	NO	CURRENT_TIMESTAMP(3)
public	agents_memory_entry_locks	1	agentId	character varying	varchar	NO	
public	agents_memory_entry_locks	2	resourceId	character varying	varchar	NO	
public	agents_memory_entry_locks	3	holderId	character varying	varchar	NO	
public	agents_memory_entry_locks	4	heldUntil	timestamp with time zone	timestamptz	NO	
public	agents_memory_entry_locks	5	createdAt	timestamp with time zone	timestamptz	NO	CURRENT_TIMESTAMP(3)
public	agents_memory_entry_locks	6	updatedAt	timestamp with time zone	timestamptz	NO	CURRENT_TIMESTAMP(3)
public	agents_memory_entry_sources	1	id	character varying	varchar	NO	
public	agents_memory_entry_sources	2	agentId	character varying	varchar	NO	
public	agents_memory_entry_sources	3	memoryEntryId	character varying	varchar	NO	
public	agents_memory_entry_sources	4	observationId	character varying	varchar	NO	
public	agents_memory_entry_sources	5	threadId	character varying	varchar	NO	
public	agents_memory_entry_sources	6	evidenceHash	character varying	varchar	NO	
public	agents_memory_entry_sources	7	evidenceText	text	text	NO	
public	agents_memory_entry_sources	8	createdAt	timestamp with time zone	timestamptz	NO	CURRENT_TIMESTAMP(3)
public	agents_memory_entry_sources	9	updatedAt	timestamp with time zone	timestamptz	NO	CURRENT_TIMESTAMP(3)
public	agents_messages	1	id	character varying	varchar	NO	
public	agents_messages	2	threadId	character varying	varchar	NO	
public	agents_messages	3	resourceId	character varying	varchar	NO	
public	agents_messages	4	role	character varying	varchar	NO	
public	agents_messages	5	type	character varying	varchar	YES	
public	agents_messages	6	content	json	json	NO	
public	agents_messages	7	createdAt	timestamp with time zone	timestamptz	NO	CURRENT_TIMESTAMP(3)
public	agents_messages	8	updatedAt	timestamp with time zone	timestamptz	NO	CURRENT_TIMESTAMP(3)
public	agents_observation_cursors	1	agentId	character varying	varchar	NO	
public	agents_observation_cursors	2	observationScopeId	character varying	varchar	NO	
public	agents_observation_cursors	3	lastObservedMessageId	character varying	varchar	NO	
public	agents_observation_cursors	4	lastObservedAt	timestamp with time zone	timestamptz	NO	
public	agents_observation_cursors	5	createdAt	timestamp with time zone	timestamptz	NO	CURRENT_TIMESTAMP(3)
public	agents_observation_cursors	6	updatedAt	timestamp with time zone	timestamptz	NO	CURRENT_TIMESTAMP(3)
public	agents_observation_locks	1	agentId	character varying	varchar	NO	
public	agents_observation_locks	2	observationScopeId	character varying	varchar	NO	
public	agents_observation_locks	3	taskKind	character varying	varchar	NO	
public	agents_observation_locks	4	holderId	character varying	varchar	NO	
public	agents_observation_locks	5	heldUntil	timestamp with time zone	timestamptz	NO	
public	agents_observation_locks	6	createdAt	timestamp with time zone	timestamptz	NO	CURRENT_TIMESTAMP(3)
public	agents_observation_locks	7	updatedAt	timestamp with time zone	timestamptz	NO	CURRENT_TIMESTAMP(3)
public	agents_observations	1	id	character varying	varchar	NO	
public	agents_observations	2	agentId	character varying	varchar	NO	
public	agents_observations	3	observationScopeId	character varying	varchar	NO	
public	agents_observations	4	marker	character varying	varchar	NO	
public	agents_observations	5	text	text	text	NO	
public	agents_observations	6	parentId	character varying	varchar	YES	
public	agents_observations	7	tokenCount	integer	int4	NO	0
public	agents_observations	8	status	character varying	varchar	NO	
public	agents_observations	9	supersededBy	character varying	varchar	YES	
public	agents_observations	10	createdAt	timestamp with time zone	timestamptz	NO	CURRENT_TIMESTAMP(3)
public	agents_observations	11	updatedAt	timestamp with time zone	timestamptz	NO	CURRENT_TIMESTAMP(3)
public	agents_resources	1	id	character varying	varchar	NO	
public	agents_resources	2	metadata	text	text	YES	
public	agents_resources	3	createdAt	timestamp with time zone	timestamptz	NO	CURRENT_TIMESTAMP(3)
public	agents_resources	4	updatedAt	timestamp with time zone	timestamptz	NO	CURRENT_TIMESTAMP(3)
public	agents_threads	1	id	character varying	varchar	NO	
public	agents_threads	2	resourceId	character varying	varchar	NO	
public	agents_threads	3	title	character varying	varchar	YES	
public	agents_threads	4	metadata	text	text	YES	
public	agents_threads	5	createdAt	timestamp with time zone	timestamptz	NO	CURRENT_TIMESTAMP(3)
public	agents_threads	6	updatedAt	timestamp with time zone	timestamptz	NO	CURRENT_TIMESTAMP(3)
public	ai_builder_temporary_workflow	1	workflowId	character varying	varchar	NO	
public	ai_builder_temporary_workflow	2	threadId	uuid	uuid	NO	
public	ai_builder_temporary_workflow	3	createdAt	timestamp with time zone	timestamptz	NO	CURRENT_TIMESTAMP(3)
public	ai_builder_temporary_workflow	4	updatedAt	timestamp with time zone	timestamptz	NO	CURRENT_TIMESTAMP(3)
public	annotation_tag_entity	1	id	character varying	varchar	NO	
public	annotation_tag_entity	2	name	character varying	varchar	NO	
public	annotation_tag_entity	3	createdAt	timestamp with time zone	timestamptz	NO	CURRENT_TIMESTAMP(3)
public	annotation_tag_entity	4	updatedAt	timestamp with time zone	timestamptz	NO	CURRENT_TIMESTAMP(3)
public	auth_identity	1	userId	uuid	uuid	YES	
public	auth_identity	2	providerId	character varying	varchar	NO	
public	auth_identity	3	providerType	character varying	varchar	NO	
public	auth_identity	4	createdAt	timestamp with time zone	timestamptz	NO	CURRENT_TIMESTAMP(3)
public	auth_identity	5	updatedAt	timestamp with time zone	timestamptz	NO	CURRENT_TIMESTAMP(3)
public	auth_provider_sync_history	1	id	integer	int4	NO	nextval('auth_provider_sync_history_id_seq'::regclass)
public	auth_provider_sync_history	2	providerType	character varying	varchar	NO	
public	auth_provider_sync_history	3	runMode	text	text	NO	
public	auth_provider_sync_history	4	status	text	text	NO	
public	auth_provider_sync_history	5	startedAt	timestamp with time zone	timestamptz	NO	CURRENT_TIMESTAMP
public	auth_provider_sync_history	6	endedAt	timestamp with time zone	timestamptz	NO	CURRENT_TIMESTAMP
public	auth_provider_sync_history	7	scanned	integer	int4	NO	
public	auth_provider_sync_history	8	created	integer	int4	NO	
public	auth_provider_sync_history	9	updated	integer	int4	NO	
public	auth_provider_sync_history	10	disabled	integer	int4	NO	
public	auth_provider_sync_history	11	error	text	text	YES	
public	binary_data	1	fileId	uuid	uuid	NO	
public	binary_data	2	sourceType	character varying	varchar	NO	
public	binary_data	3	sourceId	character varying	varchar	NO	
public	binary_data	4	data	bytea	bytea	NO	
public	binary_data	5	mimeType	character varying	varchar	YES	
public	binary_data	6	fileName	character varying	varchar	YES	
public	binary_data	7	fileSize	integer	int4	NO	
public	binary_data	8	createdAt	timestamp with time zone	timestamptz	NO	CURRENT_TIMESTAMP(3)
public	binary_data	9	updatedAt	timestamp with time zone	timestamptz	NO	CURRENT_TIMESTAMP(3)
public	channel_conversation_logs	1	id	bigint	int8	NO	nextval('channel_conversation_logs_id_seq'::regclass)
public	channel_conversation_logs	2	restaurant_id	bigint	int8	YES	
public	channel_conversation_logs	3	conversation_id	text	text	NO	
public	channel_conversation_logs	4	external_event_id	text	text	NO	
public	channel_conversation_logs	5	call_id	text	text	YES	
public	channel_conversation_logs	6	sms_id	text	text	YES	
public	channel_conversation_logs	7	email_message_id	text	text	YES	
public	channel_conversation_logs	8	instagram_message_id	text	text	YES	
public	channel_conversation_logs	9	source	text	text	NO	
public	channel_conversation_logs	10	channel	text	text	NO	
public	channel_conversation_logs	11	provider	text	text	YES	
public	channel_conversation_logs	12	phone	text	text	YES	
public	channel_conversation_logs	13	email	text	text	YES	
public	channel_conversation_logs	14	summary	text	text	YES	
public	channel_conversation_logs	15	transcript	text	text	YES	
public	channel_conversation_logs	16	user_message	text	text	YES	
public	channel_conversation_logs	17	raw_payload	jsonb	jsonb	YES	
public	channel_conversation_logs	18	created_at	timestamp with time zone	timestamptz	NO	now()
public	chat_hub_agent_tools	1	agentId	uuid	uuid	NO	
public	chat_hub_agent_tools	2	toolId	uuid	uuid	NO	
public	chat_hub_agents	1	id	uuid	uuid	NO	
public	chat_hub_agents	2	name	character varying	varchar	NO	
public	chat_hub_agents	3	description	character varying	varchar	YES	
public	chat_hub_agents	4	systemPrompt	text	text	NO	
public	chat_hub_agents	5	ownerId	uuid	uuid	NO	
public	chat_hub_agents	6	credentialId	character varying	varchar	YES	
public	chat_hub_agents	7	provider	character varying	varchar	NO	
public	chat_hub_agents	8	model	character varying	varchar	NO	
public	chat_hub_agents	9	createdAt	timestamp with time zone	timestamptz	NO	CURRENT_TIMESTAMP(3)
public	chat_hub_agents	10	updatedAt	timestamp with time zone	timestamptz	NO	CURRENT_TIMESTAMP(3)
public	chat_hub_agents	12	icon	json	json	YES	
public	chat_hub_agents	13	files	json	json	NO	'[]'::json
public	chat_hub_agents	14	suggestedPrompts	json	json	NO	'[]'::json
public	chat_hub_messages	1	id	uuid	uuid	NO	
public	chat_hub_messages	2	sessionId	uuid	uuid	NO	
public	chat_hub_messages	3	previousMessageId	uuid	uuid	YES	
public	chat_hub_messages	4	revisionOfMessageId	uuid	uuid	YES	
public	chat_hub_messages	6	retryOfMessageId	uuid	uuid	YES	
public	chat_hub_messages	7	type	character varying	varchar	NO	
public	chat_hub_messages	8	name	character varying	varchar	NO	
public	chat_hub_messages	10	content	text	text	NO	
public	chat_hub_messages	11	provider	character varying	varchar	YES	
public	chat_hub_messages	12	model	character varying	varchar	YES	
public	chat_hub_messages	13	workflowId	character varying	varchar	YES	
public	chat_hub_messages	15	executionId	integer	int4	YES	
public	chat_hub_messages	16	createdAt	timestamp with time zone	timestamptz	NO	CURRENT_TIMESTAMP(3)
public	chat_hub_messages	17	updatedAt	timestamp with time zone	timestamptz	NO	CURRENT_TIMESTAMP(3)
public	chat_hub_messages	18	agentId	uuid	uuid	YES	
public	chat_hub_messages	19	status	character varying	varchar	NO	'success'::character varying
public	chat_hub_messages	20	attachments	json	json	YES	
public	chat_hub_session_tools	1	sessionId	uuid	uuid	NO	
public	chat_hub_session_tools	2	toolId	uuid	uuid	NO	
public	chat_hub_sessions	1	id	uuid	uuid	NO	
public	chat_hub_sessions	2	title	character varying	varchar	NO	
public	chat_hub_sessions	3	ownerId	uuid	uuid	NO	
public	chat_hub_sessions	4	lastMessageAt	timestamp with time zone	timestamptz	NO	
public	chat_hub_sessions	5	credentialId	character varying	varchar	YES	
public	chat_hub_sessions	6	provider	character varying	varchar	YES	
public	chat_hub_sessions	7	model	character varying	varchar	YES	
public	chat_hub_sessions	8	workflowId	character varying	varchar	YES	
public	chat_hub_sessions	9	createdAt	timestamp with time zone	timestamptz	NO	CURRENT_TIMESTAMP(3)
public	chat_hub_sessions	10	updatedAt	timestamp with time zone	timestamptz	NO	CURRENT_TIMESTAMP(3)
public	chat_hub_sessions	11	agentId	uuid	uuid	YES	
public	chat_hub_sessions	12	agentName	character varying	varchar	YES	
public	chat_hub_sessions	14	type	character varying	varchar	NO	'production'::character varying
public	chat_hub_tools	1	id	uuid	uuid	NO	
public	chat_hub_tools	2	name	character varying	varchar	NO	
public	chat_hub_tools	3	type	character varying	varchar	NO	
public	chat_hub_tools	4	typeVersion	double precision	float8	NO	
public	chat_hub_tools	5	ownerId	uuid	uuid	NO	
public	chat_hub_tools	6	definition	json	json	NO	
public	chat_hub_tools	7	enabled	boolean	bool	NO	true
public	chat_hub_tools	8	createdAt	timestamp with time zone	timestamptz	NO	CURRENT_TIMESTAMP(3)
public	chat_hub_tools	9	updatedAt	timestamp with time zone	timestamptz	NO	CURRENT_TIMESTAMP(3)
public	client_notifications	1	id	bigint	int8	NO	nextval('client_notifications_id_seq'::regclass)
public	client_notifications	2	restaurant_id	bigint	int8	NO	
public	client_notifications	3	reservation_id	bigint	int8	YES	
public	client_notifications	4	client_id	bigint	int8	YES	
public	client_notifications	5	channel	text	text	NO	'whatsapp'::text
public	client_notifications	6	scheduled_at	timestamp with time zone	timestamptz	NO	
public	client_notifications	7	sent_at	timestamp with time zone	timestamptz	YES	
public	client_notifications	8	status	text	text	NO	'pending'::text
public	client_notifications	9	payload	jsonb	jsonb	YES	
public	client_notifications	10	created_at	timestamp with time zone	timestamptz	NO	now()
public	client_notifications	11	updated_at	timestamp with time zone	timestamptz	NO	now()
public	clients	1	id	bigint	int8	NO	nextval('clients_id_seq'::regclass)
public	clients	2	restaurant_id	bigint	int8	NO	
public	clients	3	full_name	text	text	YES	
public	clients	4	phone	text	text	YES	
public	clients	5	email	text	text	YES	
public	clients	6	channel_type	text	text	YES	
public	clients	7	channel_value	text	text	YES	
public	clients	8	created_at	timestamp with time zone	timestamptz	NO	now()
public	clients	9	updated_at	timestamp with time zone	timestamptz	NO	now()
public	clients	10	is_new_customer	boolean	bool	NO	true
public	clients	11	notes	text	text	YES	
public	clients	12	preferences	jsonb	jsonb	YES	
public	clients	13	consent_notifications	boolean	bool	NO	true
public	clients	14	consent_marketing	boolean	bool	NO	false
public	conversation_states	1	id	bigint	int8	NO	nextval('conversation_states_id_seq'::regclass)
public	conversation_states	2	restaurant_id	bigint	int8	YES	
public	conversation_states	3	conversation_id	text	text	NO	
public	conversation_states	4	channel_type	text	text	NO	
public	conversation_states	5	channel_value	text	text	YES	
public	conversation_states	6	state	jsonb	jsonb	NO	'{}'::jsonb
public	conversation_states	7	last_message_at	timestamp with time zone	timestamptz	YES	
public	conversation_states	8	created_at	timestamp with time zone	timestamptz	NO	now()
public	conversation_states	9	updated_at	timestamp with time zone	timestamptz	NO	now()
public	credential_dependency	1	id	integer	int4	NO	
public	credential_dependency	2	credentialId	character varying	varchar	NO	
public	credential_dependency	3	dependencyType	character varying	varchar	NO	
public	credential_dependency	4	dependencyId	character varying	varchar	NO	
public	credential_dependency	5	createdAt	timestamp with time zone	timestamptz	NO	CURRENT_TIMESTAMP(3)
public	credentials_entity	2	name	character varying	varchar	NO	
public	credentials_entity	3	data	text	text	NO	
public	credentials_entity	4	type	character varying	varchar	NO	
public	credentials_entity	6	createdAt	timestamp with time zone	timestamptz	NO	CURRENT_TIMESTAMP(3)
public	credentials_entity	7	updatedAt	timestamp with time zone	timestamptz	NO	CURRENT_TIMESTAMP(3)
public	credentials_entity	8	id	character varying	varchar	NO	
public	credentials_entity	9	isManaged	boolean	bool	NO	false
public	credentials_entity	10	isGlobal	boolean	bool	NO	false
public	credentials_entity	11	isResolvable	boolean	bool	NO	false
public	credentials_entity	12	resolvableAllowFallback	boolean	bool	NO	false
public	credentials_entity	13	resolverId	character varying	varchar	YES	
public	data_table	1	id	character varying	varchar	NO	
public	data_table	2	name	character varying	varchar	NO	
public	data_table	3	projectId	character varying	varchar	NO	
public	data_table	4	createdAt	timestamp with time zone	timestamptz	NO	CURRENT_TIMESTAMP(3)
public	data_table	5	updatedAt	timestamp with time zone	timestamptz	NO	CURRENT_TIMESTAMP(3)
public	data_table_column	1	id	character varying	varchar	NO	
public	data_table_column	2	name	character varying	varchar	NO	
public	data_table_column	3	type	character varying	varchar	NO	
public	data_table_column	4	index	integer	int4	NO	
public	data_table_column	5	dataTableId	character varying	varchar	NO	
public	data_table_column	6	createdAt	timestamp with time zone	timestamptz	NO	CURRENT_TIMESTAMP(3)
public	data_table_column	7	updatedAt	timestamp with time zone	timestamptz	NO	CURRENT_TIMESTAMP(3)
public	deployment_key	1	id	character varying	varchar	NO	
public	deployment_key	2	type	character varying	varchar	NO	
public	deployment_key	3	value	text	text	NO	
public	deployment_key	4	algorithm	character varying	varchar	YES	
public	deployment_key	5	status	character varying	varchar	NO	
public	deployment_key	6	createdAt	timestamp with time zone	timestamptz	NO	CURRENT_TIMESTAMP(3)
public	deployment_key	7	updatedAt	timestamp with time zone	timestamptz	NO	CURRENT_TIMESTAMP(3)
public	dynamic_credential_entry	1	credential_id	character varying	varchar	NO	
public	dynamic_credential_entry	2	subject_id	character varying	varchar	NO	
public	dynamic_credential_entry	3	resolver_id	character varying	varchar	NO	
public	dynamic_credential_entry	4	data	text	text	NO	
public	dynamic_credential_entry	5	createdAt	timestamp with time zone	timestamptz	NO	CURRENT_TIMESTAMP(3)
public	dynamic_credential_entry	6	updatedAt	timestamp with time zone	timestamptz	NO	CURRENT_TIMESTAMP(3)
public	dynamic_credential_resolver	1	id	character varying	varchar	NO	
public	dynamic_credential_resolver	2	name	character varying	varchar	NO	
public	dynamic_credential_resolver	3	type	character varying	varchar	NO	
public	dynamic_credential_resolver	4	config	text	text	NO	
public	dynamic_credential_resolver	5	createdAt	timestamp with time zone	timestamptz	NO	CURRENT_TIMESTAMP(3)
public	dynamic_credential_resolver	6	updatedAt	timestamp with time zone	timestamptz	NO	CURRENT_TIMESTAMP(3)
public	dynamic_credential_user_entry	1	credentialId	character varying	varchar	NO	
public	dynamic_credential_user_entry	2	userId	uuid	uuid	NO	
public	dynamic_credential_user_entry	3	resolverId	character varying	varchar	NO	
public	dynamic_credential_user_entry	4	data	text	text	NO	
public	dynamic_credential_user_entry	5	createdAt	timestamp with time zone	timestamptz	NO	CURRENT_TIMESTAMP(3)
public	dynamic_credential_user_entry	6	updatedAt	timestamp with time zone	timestamptz	NO	CURRENT_TIMESTAMP(3)
public	evaluation_collection	1	id	character varying	varchar	NO	
public	evaluation_collection	2	name	character varying	varchar	NO	
public	evaluation_collection	3	description	text	text	YES	
public	evaluation_collection	4	workflowId	character varying	varchar	NO	
public	evaluation_collection	5	evaluationConfigId	character varying	varchar	NO	
public	evaluation_collection	6	createdById	uuid	uuid	YES	
public	evaluation_collection	7	insightsCache	json	json	YES	
public	evaluation_collection	8	createdAt	timestamp with time zone	timestamptz	NO	CURRENT_TIMESTAMP(3)
public	evaluation_collection	9	updatedAt	timestamp with time zone	timestamptz	NO	CURRENT_TIMESTAMP(3)
public	evaluation_config	1	id	character varying	varchar	NO	
public	evaluation_config	2	workflowId	character varying	varchar	NO	
public	evaluation_config	3	name	character varying	varchar	NO	
public	evaluation_config	4	status	character varying	varchar	NO	'valid'::character varying
public	evaluation_config	5	invalidReason	character varying	varchar	YES	
public	evaluation_config	6	datasetSource	character varying	varchar	NO	
public	evaluation_config	7	datasetRef	json	json	NO	
public	evaluation_config	8	startNodeName	character varying	varchar	NO	
public	evaluation_config	9	endNodeName	character varying	varchar	NO	
public	evaluation_config	10	metrics	json	json	NO	
public	evaluation_config	11	createdAt	timestamp with time zone	timestamptz	NO	CURRENT_TIMESTAMP(3)
public	evaluation_config	12	updatedAt	timestamp with time zone	timestamptz	NO	CURRENT_TIMESTAMP(3)
public	event_destinations	1	id	uuid	uuid	NO	
public	event_destinations	2	destination	jsonb	jsonb	NO	
public	event_destinations	3	createdAt	timestamp with time zone	timestamptz	NO	CURRENT_TIMESTAMP(3)
public	event_destinations	4	updatedAt	timestamp with time zone	timestamptz	NO	CURRENT_TIMESTAMP(3)
public	execution_annotation_tags	1	annotationId	integer	int4	NO	
public	execution_annotation_tags	2	tagId	character varying	varchar	NO	
public	execution_annotations	1	id	integer	int4	NO	nextval('execution_annotations_id_seq'::regclass)
public	execution_annotations	2	executionId	integer	int4	NO	
public	execution_annotations	3	vote	character varying	varchar	YES	
public	execution_annotations	4	note	text	text	YES	
public	execution_annotations	5	createdAt	timestamp with time zone	timestamptz	NO	CURRENT_TIMESTAMP(3)
public	execution_annotations	6	updatedAt	timestamp with time zone	timestamptz	NO	CURRENT_TIMESTAMP(3)
public	execution_data	1	executionId	integer	int4	NO	
public	execution_data	2	workflowData	json	json	NO	
public	execution_data	3	data	text	text	NO	
public	execution_data	4	workflowVersionId	character varying	varchar	YES	
public	execution_entity	1	id	integer	int4	NO	nextval('execution_entity_id_seq'::regclass)
public	execution_entity	3	finished	boolean	bool	NO	
public	execution_entity	4	mode	character varying	varchar	NO	
public	execution_entity	5	retryOf	character varying	varchar	YES	
public	execution_entity	6	retrySuccessId	character varying	varchar	YES	
public	execution_entity	7	startedAt	timestamp with time zone	timestamptz	YES	
public	execution_entity	8	stoppedAt	timestamp with time zone	timestamptz	YES	
public	execution_entity	11	waitTill	timestamp with time zone	timestamptz	YES	
public	execution_entity	12	status	character varying	varchar	NO	
public	execution_entity	13	workflowId	character varying	varchar	NO	
public	execution_entity	14	deletedAt	timestamp with time zone	timestamptz	YES	
public	execution_entity	15	createdAt	timestamp with time zone	timestamptz	NO	CURRENT_TIMESTAMP(3)
public	execution_entity	16	storedAt	character varying	varchar	NO	'db'::character varying
public	execution_entity	17	tracingContext	json	json	YES	
public	execution_entity	18	deduplicationKey	character varying	varchar	YES	
public	execution_metadata	1	id	integer	int4	NO	nextval('execution_metadata_temp_id_seq'::regclass)
public	execution_metadata	2	executionId	integer	int4	NO	
public	execution_metadata	3	key	character varying	varchar	NO	
public	execution_metadata	4	value	text	text	NO	
public	folder	1	id	character varying	varchar	NO	
public	folder	2	name	character varying	varchar	NO	
public	folder	3	parentFolderId	character varying	varchar	YES	
public	folder	4	projectId	character varying	varchar	NO	
public	folder	5	createdAt	timestamp with time zone	timestamptz	NO	CURRENT_TIMESTAMP(3)
public	folder	6	updatedAt	timestamp with time zone	timestamptz	NO	CURRENT_TIMESTAMP(3)
public	folder_tag	1	folderId	character varying	varchar	NO	
public	folder_tag	2	tagId	character varying	varchar	NO	
public	insights_by_period	1	id	integer	int4	NO	
public	insights_by_period	2	metaId	integer	int4	NO	
public	insights_by_period	3	type	integer	int4	NO	
public	insights_by_period	4	value	bigint	int8	NO	
public	insights_by_period	5	periodUnit	integer	int4	NO	
public	insights_by_period	6	periodStart	timestamp with time zone	timestamptz	YES	CURRENT_TIMESTAMP
public	insights_metadata	1	metaId	integer	int4	NO	
public	insights_metadata	2	workflowId	character varying	varchar	YES	
public	insights_metadata	3	projectId	character varying	varchar	YES	
public	insights_metadata	4	workflowName	character varying	varchar	NO	
public	insights_metadata	5	projectName	character varying	varchar	NO	
public	insights_raw	1	id	integer	int4	NO	
public	insights_raw	2	metaId	integer	int4	NO	
public	insights_raw	3	type	integer	int4	NO	
public	insights_raw	4	value	bigint	int8	NO	
public	insights_raw	5	timestamp	timestamp with time zone	timestamptz	NO	CURRENT_TIMESTAMP
public	installed_nodes	1	name	character varying	varchar	NO	
public	installed_nodes	2	type	character varying	varchar	NO	
public	installed_nodes	3	latestVersion	integer	int4	NO	1
public	installed_nodes	4	package	character varying	varchar	NO	
public	installed_packages	1	packageName	character varying	varchar	NO	
public	installed_packages	2	installedVersion	character varying	varchar	NO	
public	installed_packages	3	authorName	character varying	varchar	YES	
public	installed_packages	4	authorEmail	character varying	varchar	YES	
public	installed_packages	5	createdAt	timestamp with time zone	timestamptz	NO	CURRENT_TIMESTAMP(3)
public	installed_packages	6	updatedAt	timestamp with time zone	timestamptz	NO	CURRENT_TIMESTAMP(3)
public	instance_ai_checkpoints	1	key	character varying	varchar	NO	
public	instance_ai_checkpoints	2	runId	character varying	varchar	YES	
public	instance_ai_checkpoints	3	threadId	uuid	uuid	NO	
public	instance_ai_checkpoints	4	resourceId	character varying	varchar	YES	
public	instance_ai_checkpoints	5	state	json	json	YES	
public	instance_ai_checkpoints	6	createdAt	timestamp with time zone	timestamptz	NO	CURRENT_TIMESTAMP(3)
public	instance_ai_checkpoints	7	updatedAt	timestamp with time zone	timestamptz	NO	CURRENT_TIMESTAMP(3)
public	instance_ai_checkpoints	8	expiredAt	timestamp with time zone	timestamptz	YES	
public	instance_ai_iteration_logs	1	id	character varying	varchar	NO	
public	instance_ai_iteration_logs	2	threadId	uuid	uuid	NO	
public	instance_ai_iteration_logs	3	taskKey	character varying	varchar	NO	
public	instance_ai_iteration_logs	4	entry	text	text	NO	
public	instance_ai_iteration_logs	5	createdAt	timestamp with time zone	timestamptz	NO	CURRENT_TIMESTAMP(3)
public	instance_ai_iteration_logs	6	updatedAt	timestamp with time zone	timestamptz	NO	CURRENT_TIMESTAMP(3)
public	instance_ai_messages	1	id	character varying	varchar	NO	
public	instance_ai_messages	2	threadId	uuid	uuid	NO	
public	instance_ai_messages	3	content	text	text	NO	
public	instance_ai_messages	4	role	character varying	varchar	NO	
public	instance_ai_messages	5	type	character varying	varchar	YES	
public	instance_ai_messages	6	resourceId	character varying	varchar	YES	
public	instance_ai_messages	7	createdAt	timestamp with time zone	timestamptz	NO	CURRENT_TIMESTAMP(3)
public	instance_ai_messages	8	updatedAt	timestamp with time zone	timestamptz	NO	CURRENT_TIMESTAMP(3)
public	instance_ai_observation_cursors	1	observationScopeId	uuid	uuid	NO	
public	instance_ai_observation_cursors	2	lastObservedMessageId	character varying	varchar	NO	
public	instance_ai_observation_cursors	3	lastObservedAt	timestamp with time zone	timestamptz	NO	
public	instance_ai_observation_cursors	4	createdAt	timestamp with time zone	timestamptz	NO	CURRENT_TIMESTAMP(3)
public	instance_ai_observation_cursors	5	updatedAt	timestamp with time zone	timestamptz	NO	CURRENT_TIMESTAMP(3)
public	instance_ai_observation_locks	1	observationScopeId	uuid	uuid	NO	
public	instance_ai_observation_locks	2	taskKind	character varying	varchar	NO	
public	instance_ai_observation_locks	3	holderId	character varying	varchar	NO	
public	instance_ai_observation_locks	4	heldUntil	timestamp with time zone	timestamptz	NO	
public	instance_ai_observation_locks	5	createdAt	timestamp with time zone	timestamptz	NO	CURRENT_TIMESTAMP(3)
public	instance_ai_observation_locks	6	updatedAt	timestamp with time zone	timestamptz	NO	CURRENT_TIMESTAMP(3)
public	instance_ai_observational_memory	1	id	character varying	varchar	NO	
public	instance_ai_observational_memory	2	lookupKey	character varying	varchar	NO	
public	instance_ai_observational_memory	3	scope	character varying	varchar	NO	
public	instance_ai_observational_memory	4	threadId	uuid	uuid	YES	
public	instance_ai_observational_memory	5	resourceId	character varying	varchar	NO	
public	instance_ai_observational_memory	6	activeObservations	text	text	NO	''::text
public	instance_ai_observational_memory	7	originType	character varying	varchar	NO	
public	instance_ai_observational_memory	8	config	text	text	NO	
public	instance_ai_observational_memory	9	generationCount	integer	int4	NO	0
public	instance_ai_observational_memory	10	lastObservedAt	timestamp with time zone	timestamptz	YES	
public	instance_ai_observational_memory	11	pendingMessageTokens	integer	int4	NO	0
public	instance_ai_observational_memory	12	totalTokensObserved	integer	int4	NO	0
public	instance_ai_observational_memory	13	observationTokenCount	integer	int4	NO	0
public	instance_ai_observational_memory	14	isObserving	boolean	bool	NO	false
public	instance_ai_observational_memory	15	isReflecting	boolean	bool	NO	false
public	instance_ai_observational_memory	16	observedMessageIds	json	json	YES	
public	instance_ai_observational_memory	17	observedTimezone	character varying	varchar	YES	
public	instance_ai_observational_memory	18	bufferedObservations	text	text	YES	
public	instance_ai_observational_memory	19	bufferedObservationTokens	integer	int4	YES	
public	instance_ai_observational_memory	20	bufferedMessageIds	json	json	YES	
public	instance_ai_observational_memory	21	bufferedReflection	text	text	YES	
public	instance_ai_observational_memory	22	bufferedReflectionTokens	integer	int4	YES	
public	instance_ai_observational_memory	23	bufferedReflectionInputTokens	integer	int4	YES	
public	instance_ai_observational_memory	24	reflectedObservationLineCount	integer	int4	YES	
public	instance_ai_observational_memory	25	bufferedObservationChunks	json	json	YES	
public	instance_ai_observational_memory	26	isBufferingObservation	boolean	bool	NO	false
public	instance_ai_observational_memory	27	isBufferingReflection	boolean	bool	NO	false
public	instance_ai_observational_memory	28	lastBufferedAtTokens	integer	int4	NO	0
public	instance_ai_observational_memory	29	lastBufferedAtTime	timestamp with time zone	timestamptz	YES	
public	instance_ai_observational_memory	30	metadata	json	json	YES	
public	instance_ai_observational_memory	31	createdAt	timestamp with time zone	timestamptz	NO	CURRENT_TIMESTAMP(3)
public	instance_ai_observational_memory	32	updatedAt	timestamp with time zone	timestamptz	NO	CURRENT_TIMESTAMP(3)
public	instance_ai_observations	1	id	character varying	varchar	NO	
public	instance_ai_observations	2	observationScopeId	uuid	uuid	NO	
public	instance_ai_observations	3	marker	character varying	varchar	NO	
public	instance_ai_observations	4	text	text	text	NO	
public	instance_ai_observations	5	parentId	character varying	varchar	YES	
public	instance_ai_observations	6	tokenCount	integer	int4	NO	0
public	instance_ai_observations	7	status	character varying	varchar	NO	
public	instance_ai_observations	8	supersededBy	character varying	varchar	YES	
public	instance_ai_observations	9	createdAt	timestamp with time zone	timestamptz	NO	CURRENT_TIMESTAMP(3)
public	instance_ai_observations	10	updatedAt	timestamp with time zone	timestamptz	NO	CURRENT_TIMESTAMP(3)
public	instance_ai_pending_confirmations	1	requestId	character varying	varchar	NO	
public	instance_ai_pending_confirmations	2	threadId	uuid	uuid	NO	
public	instance_ai_pending_confirmations	3	userId	uuid	uuid	NO	
public	instance_ai_pending_confirmations	4	kind	character varying	varchar	NO	
public	instance_ai_pending_confirmations	5	runId	character varying	varchar	NO	
public	instance_ai_pending_confirmations	6	toolCallId	character varying	varchar	YES	
public	instance_ai_pending_confirmations	7	messageGroupId	character varying	varchar	YES	
public	instance_ai_pending_confirmations	8	checkpointKey	character varying	varchar	YES	
public	instance_ai_pending_confirmations	9	checkpointTaskId	character varying	varchar	YES	
public	instance_ai_pending_confirmations	10	expiresAt	timestamp with time zone	timestamptz	YES	
public	instance_ai_pending_confirmations	11	createdAt	timestamp with time zone	timestamptz	NO	CURRENT_TIMESTAMP(3)
public	instance_ai_pending_confirmations	12	updatedAt	timestamp with time zone	timestamptz	NO	CURRENT_TIMESTAMP(3)
public	instance_ai_resources	1	id	character varying	varchar	NO	
public	instance_ai_resources	2	workingMemory	text	text	YES	
public	instance_ai_resources	3	metadata	json	json	YES	
public	instance_ai_resources	4	createdAt	timestamp with time zone	timestamptz	NO	CURRENT_TIMESTAMP(3)
public	instance_ai_resources	5	updatedAt	timestamp with time zone	timestamptz	NO	CURRENT_TIMESTAMP(3)
public	instance_ai_run_snapshots	1	threadId	uuid	uuid	NO	
public	instance_ai_run_snapshots	2	runId	character varying	varchar	NO	
public	instance_ai_run_snapshots	3	messageGroupId	character varying	varchar	YES	
public	instance_ai_run_snapshots	4	runIds	json	json	YES	
public	instance_ai_run_snapshots	5	tree	text	text	NO	
public	instance_ai_run_snapshots	6	createdAt	timestamp with time zone	timestamptz	NO	CURRENT_TIMESTAMP(3)
public	instance_ai_run_snapshots	7	updatedAt	timestamp with time zone	timestamptz	NO	CURRENT_TIMESTAMP(3)
public	instance_ai_run_snapshots	8	langsmithRunId	character varying	varchar	YES	
public	instance_ai_run_snapshots	9	langsmithTraceId	character varying	varchar	YES	
public	instance_ai_run_snapshots	10	traceId	character varying	varchar	YES	
public	instance_ai_run_snapshots	11	spanId	character varying	varchar	YES	
public	instance_ai_threads	1	id	uuid	uuid	NO	
public	instance_ai_threads	2	resourceId	character varying	varchar	NO	
public	instance_ai_threads	3	title	text	text	NO	''::text
public	instance_ai_threads	4	metadata	json	json	YES	
public	instance_ai_threads	5	createdAt	timestamp with time zone	timestamptz	NO	CURRENT_TIMESTAMP(3)
public	instance_ai_threads	6	updatedAt	timestamp with time zone	timestamptz	NO	CURRENT_TIMESTAMP(3)
public	instance_ai_workflow_snapshots	1	runId	character varying	varchar	NO	
public	instance_ai_workflow_snapshots	2	workflowName	character varying	varchar	NO	
public	instance_ai_workflow_snapshots	3	resourceId	character varying	varchar	YES	
public	instance_ai_workflow_snapshots	4	status	character varying	varchar	YES	
public	instance_ai_workflow_snapshots	5	snapshot	text	text	NO	
public	instance_ai_workflow_snapshots	6	createdAt	timestamp with time zone	timestamptz	NO	CURRENT_TIMESTAMP(3)
public	instance_ai_workflow_snapshots	7	updatedAt	timestamp with time zone	timestamptz	NO	CURRENT_TIMESTAMP(3)
public	instance_version_history	1	id	integer	int4	NO	nextval('instance_version_history_id_seq'::regclass)
public	instance_version_history	2	major	integer	int4	NO	
public	instance_version_history	3	minor	integer	int4	NO	
public	instance_version_history	4	patch	integer	int4	NO	
public	instance_version_history	5	createdAt	timestamp with time zone	timestamptz	NO	CURRENT_TIMESTAMP(3)
public	invalid_auth_token	1	token	character varying	varchar	NO	
public	invalid_auth_token	2	expiresAt	timestamp with time zone	timestamptz	NO	
public	mcp_registry_server	1	slug	character varying	varchar	NO	
public	mcp_registry_server	2	status	character varying	varchar	NO	
public	mcp_registry_server	3	version	character varying	varchar	NO	
public	mcp_registry_server	4	registryUpdatedAt	timestamp without time zone	timestamp	NO	
public	mcp_registry_server	5	data	json	json	NO	'{}'::json
public	mcp_registry_server	6	createdAt	timestamp with time zone	timestamptz	NO	CURRENT_TIMESTAMP(3)
public	mcp_registry_server	7	updatedAt	timestamp with time zone	timestamptz	NO	CURRENT_TIMESTAMP(3)
public	migrations	1	id	integer	int4	NO	nextval('migrations_id_seq'::regclass)
public	migrations	2	timestamp	bigint	int8	NO	
public	migrations	3	name	character varying	varchar	NO	
public	oauth_access_tokens	1	token	character varying	varchar	NO	
public	oauth_access_tokens	2	clientId	character varying	varchar	NO	
public	oauth_access_tokens	3	userId	uuid	uuid	NO	
public	oauth_authorization_codes	1	code	character varying	varchar	NO	
public	oauth_authorization_codes	2	clientId	character varying	varchar	NO	
public	oauth_authorization_codes	3	userId	uuid	uuid	NO	
public	oauth_authorization_codes	4	redirectUri	character varying	varchar	NO	
public	oauth_authorization_codes	5	codeChallenge	character varying	varchar	NO	
public	oauth_authorization_codes	6	codeChallengeMethod	character varying	varchar	NO	
public	oauth_authorization_codes	7	expiresAt	bigint	int8	NO	
public	oauth_authorization_codes	8	state	character varying	varchar	YES	
public	oauth_authorization_codes	9	used	boolean	bool	NO	false
public	oauth_authorization_codes	10	createdAt	timestamp with time zone	timestamptz	NO	CURRENT_TIMESTAMP(3)
public	oauth_authorization_codes	11	updatedAt	timestamp with time zone	timestamptz	NO	CURRENT_TIMESTAMP(3)
public	oauth_clients	1	id	character varying	varchar	NO	
public	oauth_clients	2	name	character varying	varchar	NO	
public	oauth_clients	3	redirectUris	json	json	NO	
public	oauth_clients	4	grantTypes	json	json	NO	
public	oauth_clients	5	clientSecret	character varying	varchar	YES	
public	oauth_clients	6	clientSecretExpiresAt	bigint	int8	YES	
public	oauth_clients	7	tokenEndpointAuthMethod	character varying	varchar	NO	'none'::character varying
public	oauth_clients	8	createdAt	timestamp with time zone	timestamptz	NO	CURRENT_TIMESTAMP(3)
public	oauth_clients	9	updatedAt	timestamp with time zone	timestamptz	NO	CURRENT_TIMESTAMP(3)
public	oauth_refresh_tokens	1	token	character varying	varchar	NO	
public	oauth_refresh_tokens	2	clientId	character varying	varchar	NO	
public	oauth_refresh_tokens	3	userId	uuid	uuid	NO	
public	oauth_refresh_tokens	4	expiresAt	bigint	int8	NO	
public	oauth_refresh_tokens	5	createdAt	timestamp with time zone	timestamptz	NO	CURRENT_TIMESTAMP(3)
public	oauth_refresh_tokens	6	updatedAt	timestamp with time zone	timestamptz	NO	CURRENT_TIMESTAMP(3)
public	oauth_user_consents	1	id	integer	int4	NO	
public	oauth_user_consents	2	userId	uuid	uuid	NO	
public	oauth_user_consents	3	clientId	character varying	varchar	NO	
public	oauth_user_consents	4	grantedAt	bigint	int8	NO	
public	outbound_messages	1	id	bigint	int8	NO	nextval('outbound_messages_id_seq'::regclass)
public	outbound_messages	2	restaurant_id	bigint	int8	YES	
public	outbound_messages	3	conversation_id	text	text	NO	
public	outbound_messages	4	source	text	text	NO	
public	outbound_messages	5	channel	text	text	NO	
public	outbound_messages	6	provider	text	text	YES	
public	outbound_messages	7	recipient	text	text	YES	
public	outbound_messages	8	sender	text	text	YES	
public	outbound_messages	9	subject	text	text	YES	
public	outbound_messages	10	content	text	text	NO	
public	outbound_messages	11	payload	jsonb	jsonb	YES	
public	outbound_messages	12	status	text	text	NO	'pending'::text
public	outbound_messages	13	created_at	timestamp with time zone	timestamptz	NO	now()
public	outbound_messages	14	updated_at	timestamp with time zone	timestamptz	NO	now()
public	processed_data	1	workflowId	character varying	varchar	NO	
public	processed_data	3	context	character varying	varchar	NO	
public	processed_data	4	createdAt	timestamp with time zone	timestamptz	NO	CURRENT_TIMESTAMP(3)
public	processed_data	5	updatedAt	timestamp with time zone	timestamptz	NO	CURRENT_TIMESTAMP(3)
public	processed_data	6	value	text	text	NO	
public	project	1	id	character varying	varchar	NO	
public	project	2	name	character varying	varchar	NO	
public	project	3	type	character varying	varchar	NO	
public	project	4	createdAt	timestamp with time zone	timestamptz	NO	CURRENT_TIMESTAMP(3)
public	project	5	updatedAt	timestamp with time zone	timestamptz	NO	CURRENT_TIMESTAMP(3)
public	project	6	icon	json	json	YES	
public	project	7	description	character varying	varchar	YES	
public	project	8	creatorId	uuid	uuid	YES	
public	project	9	customTelemetryTags	json	json	NO	'[]'::json
public	project_relation	1	projectId	character varying	varchar	NO	
public	project_relation	2	userId	uuid	uuid	NO	
public	project_relation	3	role	character varying	varchar	NO	
public	project_relation	4	createdAt	timestamp with time zone	timestamptz	NO	CURRENT_TIMESTAMP(3)
public	project_relation	5	updatedAt	timestamp with time zone	timestamptz	NO	CURRENT_TIMESTAMP(3)
public	project_secrets_provider_access	1	secretsProviderConnectionId	integer	int4	NO	
public	project_secrets_provider_access	2	projectId	character varying	varchar	NO	
public	project_secrets_provider_access	3	createdAt	timestamp with time zone	timestamptz	NO	CURRENT_TIMESTAMP(3)
public	project_secrets_provider_access	4	updatedAt	timestamp with time zone	timestamptz	NO	CURRENT_TIMESTAMP(3)
public	project_secrets_provider_access	5	role	character varying	varchar	NO	'secretsProviderConnection:user'::character varying
public	reservations	1	id	bigint	int8	NO	nextval('reservations_id_seq'::regclass)
public	reservations	2	restaurant_id	bigint	int8	NO	
public	reservations	3	client_id	bigint	int8	YES	
public	reservations	4	start_time	timestamp with time zone	timestamptz	NO	
public	reservations	5	end_time	timestamp with time zone	timestamptz	NO	
public	reservations	6	party_size	integer	int4	NO	
public	reservations	7	status	text	text	NO	'confirmed'::text
public	reservations	8	source_channel	text	text	NO	'webhook'::text
public	reservations	9	meal_duration_minutes	integer	int4	NO	120
public	reservations	10	cleaning_buffer_minutes	integer	int4	NO	15
public	reservations	11	grace_delay_minutes	integer	int4	NO	10
public	reservations	12	special_request	text	text	YES	
public	reservations	13	created_at	timestamp with time zone	timestamptz	NO	now()
public	reservations	14	updated_at	timestamp with time zone	timestamptz	NO	now()
public	reservations	15	table_id	bigint	int8	YES	
public	reservations	16	area_id	bigint	int8	YES	
public	reservations	17	booking_source	text	text	YES	
public	reservations	18	created_by	text	text	YES	
public	reservations	19	source	text	text	YES	
public	reservations	20	conversation_id	text	text	YES	
public	restaurant_channels	1	id	bigint	int8	NO	nextval('restaurant_channels_id_seq'::regclass)
public	restaurant_channels	2	restaurant_id	bigint	int8	NO	
public	restaurant_channels	3	channel_type	text	text	NO	
public	restaurant_channels	4	channel_value	text	text	NO	
public	restaurant_channels	5	is_active	boolean	bool	NO	true
public	restaurant_channels	6	created_at	timestamp with time zone	timestamptz	NO	now()
public	restaurant_channels	7	updated_at	timestamp with time zone	timestamptz	NO	now()
public	restaurant_closures	1	id	bigint	int8	NO	nextval('restaurant_closures_id_seq'::regclass)
public	restaurant_closures	2	restaurant_id	bigint	int8	NO	
public	restaurant_closures	3	starts_at	timestamp with time zone	timestamptz	NO	
public	restaurant_closures	4	ends_at	timestamp with time zone	timestamptz	NO	
public	restaurant_closures	5	reason	text	text	YES	
public	restaurant_closures	6	created_at	timestamp with time zone	timestamptz	NO	now()
public	restaurant_closures	7	updated_at	timestamp with time zone	timestamptz	NO	now()
public	restaurant_closures	8	is_active	boolean	bool	NO	true
public	restaurant_closures	9	closure_type	text	text	YES	
public	restaurant_closures	10	recurrence_rule	text	text	YES	
public	restaurant_settings	1	id	bigint	int8	NO	nextval('restaurant_settings_id_seq'::regclass)
public	restaurant_settings	2	restaurant_id	bigint	int8	NO	
public	restaurant_settings	3	default_meal_duration_minutes	integer	int4	NO	120
public	restaurant_settings	4	cleaning_buffer_minutes	integer	int4	NO	15
public	restaurant_settings	5	grace_delay_minutes	integer	int4	NO	10
public	restaurant_settings	6	max_party_size	integer	int4	NO	12
public	restaurant_settings	7	reminder_days_before	integer	int4	NO	1
public	restaurant_settings	8	reminder_hour	integer	int4	NO	9
public	restaurant_settings	9	reminder_channel	text	text	NO	'whatsapp'::text
public	restaurant_settings	10	created_at	timestamp with time zone	timestamptz	NO	now()
public	restaurant_settings	11	updated_at	timestamp with time zone	timestamptz	NO	now()
public	restaurant_settings	12	allow_combined_tables	boolean	bool	NO	false
public	restaurant_settings	13	booking_policy	jsonb	jsonb	YES	
public	restaurant_settings	14	event_notification_policy	jsonb	jsonb	YES	
public	restaurants	1	id	bigint	int8	NO	nextval('restaurants_id_seq'::regclass)
public	restaurants	2	name	text	text	NO	
public	restaurants	3	slug	text	text	NO	
public	restaurants	4	timezone	text	text	NO	'Europe/Paris'::text
public	restaurants	5	is_active	boolean	bool	NO	true
public	restaurants	6	created_at	timestamp with time zone	timestamptz	NO	now()
public	restaurants	7	updated_at	timestamp with time zone	timestamptz	NO	now()
public	role	1	slug	character varying	varchar	NO	
public	role	2	displayName	text	text	YES	
public	role	3	description	text	text	YES	
public	role	4	roleType	text	text	YES	
public	role	5	systemRole	boolean	bool	NO	false
public	role	6	createdAt	timestamp with time zone	timestamptz	NO	CURRENT_TIMESTAMP(3)
public	role	7	updatedAt	timestamp with time zone	timestamptz	NO	CURRENT_TIMESTAMP(3)
public	role_mapping_rule	1	id	character varying	varchar	NO	
public	role_mapping_rule	2	expression	text	text	NO	
public	role_mapping_rule	3	role	character varying	varchar	NO	
public	role_mapping_rule	4	type	character varying	varchar	NO	
public	role_mapping_rule	5	order	integer	int4	NO	
public	role_mapping_rule	6	createdAt	timestamp with time zone	timestamptz	NO	CURRENT_TIMESTAMP(3)
public	role_mapping_rule	7	updatedAt	timestamp with time zone	timestamptz	NO	CURRENT_TIMESTAMP(3)
public	role_mapping_rule_project	1	roleMappingRuleId	character varying	varchar	NO	
public	role_mapping_rule_project	2	projectId	character varying	varchar	NO	
public	role_scope	1	roleSlug	character varying	varchar	NO	
public	role_scope	2	scopeSlug	character varying	varchar	NO	
public	scope	1	slug	character varying	varchar	NO	
public	scope	2	displayName	text	text	YES	
public	scope	3	description	text	text	YES	
public	secrets_provider_connection	1	id	integer	int4	NO	
public	secrets_provider_connection	2	providerKey	character varying	varchar	NO	
public	secrets_provider_connection	3	type	character varying	varchar	NO	
public	secrets_provider_connection	4	encryptedSettings	text	text	NO	
public	secrets_provider_connection	5	isEnabled	boolean	bool	NO	false
public	secrets_provider_connection	6	createdAt	timestamp with time zone	timestamptz	NO	CURRENT_TIMESTAMP(3)
public	secrets_provider_connection	7	updatedAt	timestamp with time zone	timestamptz	NO	CURRENT_TIMESTAMP(3)
public	settings	1	key	character varying	varchar	NO	
public	settings	2	value	text	text	NO	
public	settings	3	loadOnStartup	boolean	bool	NO	false
public	shared_credentials	1	credentialsId	character varying	varchar	NO	
public	shared_credentials	2	projectId	character varying	varchar	NO	
public	shared_credentials	3	role	text	text	NO	
public	shared_credentials	4	createdAt	timestamp with time zone	timestamptz	NO	CURRENT_TIMESTAMP(3)
public	shared_credentials	5	updatedAt	timestamp with time zone	timestamptz	NO	CURRENT_TIMESTAMP(3)
public	shared_workflow	1	workflowId	character varying	varchar	NO	
public	shared_workflow	2	projectId	character varying	varchar	NO	
public	shared_workflow	3	role	text	text	NO	
public	shared_workflow	4	createdAt	timestamp with time zone	timestamptz	NO	CURRENT_TIMESTAMP(3)
public	shared_workflow	5	updatedAt	timestamp with time zone	timestamptz	NO	CURRENT_TIMESTAMP(3)
public	tag_entity	2	name	character varying	varchar	NO	
public	tag_entity	3	createdAt	timestamp with time zone	timestamptz	NO	CURRENT_TIMESTAMP(3)
public	tag_entity	4	updatedAt	timestamp with time zone	timestamptz	NO	CURRENT_TIMESTAMP(3)
public	tag_entity	5	id	character varying	varchar	NO	
public	test_case_execution	1	id	character varying	varchar	NO	
public	test_case_execution	2	testRunId	character varying	varchar	NO	
public	test_case_execution	3	executionId	integer	int4	YES	
public	test_case_execution	4	status	character varying	varchar	NO	
public	test_case_execution	5	runAt	timestamp with time zone	timestamptz	YES	
public	test_case_execution	6	completedAt	timestamp with time zone	timestamptz	YES	
public	test_case_execution	7	errorCode	character varying	varchar	YES	
public	test_case_execution	8	errorDetails	json	json	YES	
public	test_case_execution	9	metrics	json	json	YES	
public	test_case_execution	10	createdAt	timestamp with time zone	timestamptz	NO	CURRENT_TIMESTAMP(3)
public	test_case_execution	11	updatedAt	timestamp with time zone	timestamptz	NO	CURRENT_TIMESTAMP(3)
public	test_case_execution	12	inputs	json	json	YES	
public	test_case_execution	13	outputs	json	json	YES	
public	test_case_execution	14	runIndex	integer	int4	YES	
public	test_run	1	id	character varying	varchar	NO	
public	test_run	2	workflowId	character varying	varchar	NO	
public	test_run	3	status	character varying	varchar	NO	
public	test_run	4	errorCode	character varying	varchar	YES	
public	test_run	5	errorDetails	json	json	YES	
public	test_run	6	runAt	timestamp with time zone	timestamptz	YES	
public	test_run	7	completedAt	timestamp with time zone	timestamptz	YES	
public	test_run	8	metrics	json	json	YES	
public	test_run	9	createdAt	timestamp with time zone	timestamptz	NO	CURRENT_TIMESTAMP(3)
public	test_run	10	updatedAt	timestamp with time zone	timestamptz	NO	CURRENT_TIMESTAMP(3)
public	test_run	11	runningInstanceId	character varying	varchar	YES	
public	test_run	12	cancelRequested	boolean	bool	NO	false
public	test_run	13	workflowVersionId	character varying	varchar	YES	
public	test_run	14	evaluationConfigId	character varying	varchar	YES	
public	test_run	15	evaluationConfigSnapshot	jsonb	jsonb	YES	
public	test_run	16	collectionId	character varying	varchar	YES	
public	token_exchange_jti	1	jti	character varying	varchar	NO	
public	token_exchange_jti	2	expiresAt	timestamp with time zone	timestamptz	NO	
public	token_exchange_jti	3	createdAt	timestamp with time zone	timestamptz	NO	
public	trusted_key	1	sourceId	character varying	varchar	NO	
public	trusted_key	2	kid	character varying	varchar	NO	
public	trusted_key	3	data	text	text	NO	
public	trusted_key	4	createdAt	timestamp with time zone	timestamptz	NO	CURRENT_TIMESTAMP(3)
public	trusted_key_source	1	id	character varying	varchar	NO	
public	trusted_key_source	2	type	character varying	varchar	NO	
public	trusted_key_source	3	config	text	text	NO	
public	trusted_key_source	4	status	character varying	varchar	NO	'pending'::character varying
public	trusted_key_source	5	lastError	text	text	YES	
public	trusted_key_source	6	lastRefreshedAt	timestamp with time zone	timestamptz	YES	
public	trusted_key_source	7	createdAt	timestamp with time zone	timestamptz	NO	CURRENT_TIMESTAMP(3)
public	trusted_key_source	8	updatedAt	timestamp with time zone	timestamptz	NO	CURRENT_TIMESTAMP(3)
public	user	1	id	uuid	uuid	NO	gen_random_uuid()
public	user	2	email	character varying	varchar	YES	
public	user	3	firstName	character varying	varchar	YES	
public	user	4	lastName	character varying	varchar	YES	
public	user	5	password	character varying	varchar	YES	
public	user	8	personalizationAnswers	json	json	YES	
public	user	9	createdAt	timestamp with time zone	timestamptz	NO	CURRENT_TIMESTAMP(3)
public	user	10	updatedAt	timestamp with time zone	timestamptz	NO	CURRENT_TIMESTAMP(3)
public	user	12	settings	json	json	YES	
public	user	14	disabled	boolean	bool	NO	false
public	user	15	mfaEnabled	boolean	bool	NO	false
public	user	16	mfaSecret	text	text	YES	
public	user	17	mfaRecoveryCodes	text	text	YES	
public	user	19	lastActiveAt	date	date	YES	
public	user	20	roleSlug	character varying	varchar	NO	'global:member'::character varying
public	user_api_keys	1	id	character varying	varchar	NO	
public	user_api_keys	2	userId	uuid	uuid	NO	
public	user_api_keys	3	label	character varying	varchar	NO	
public	user_api_keys	4	apiKey	character varying	varchar	NO	
public	user_api_keys	5	createdAt	timestamp with time zone	timestamptz	NO	CURRENT_TIMESTAMP(3)
public	user_api_keys	6	updatedAt	timestamp with time zone	timestamptz	NO	CURRENT_TIMESTAMP(3)
public	user_api_keys	7	scopes	json	json	YES	
public	user_api_keys	8	audience	character varying	varchar	NO	'public-api'::character varying
public	user_api_keys	9	lastUsedAt	timestamp with time zone	timestamptz	YES	
public	user_favorites	1	id	integer	int4	NO	
public	user_favorites	2	userId	uuid	uuid	NO	
public	user_favorites	3	resourceId	character varying	varchar	NO	
public	user_favorites	4	resourceType	character varying	varchar	NO	
public	variables	2	key	character varying	varchar	NO	
public	variables	3	type	character varying	varchar	NO	'string'::character varying
public	variables	4	value	text	text	YES	
public	variables	5	id	character varying	varchar	NO	
public	variables	6	projectId	character varying	varchar	YES	
public	webhook_entity	2	webhookPath	character varying	varchar	NO	
public	webhook_entity	3	method	character varying	varchar	NO	
public	webhook_entity	4	node	character varying	varchar	NO	
public	webhook_entity	5	webhookId	character varying	varchar	YES	
public	webhook_entity	6	pathLength	integer	int4	YES	
public	webhook_entity	7	workflowId	character varying	varchar	NO	
public	workflow_builder_session	1	id	uuid	uuid	NO	
public	workflow_builder_session	2	workflowId	character varying	varchar	NO	
public	workflow_builder_session	3	userId	uuid	uuid	NO	
public	workflow_builder_session	4	messages	json	json	NO	'[]'::json
public	workflow_builder_session	5	previousSummary	text	text	YES	
public	workflow_builder_session	6	createdAt	timestamp with time zone	timestamptz	NO	CURRENT_TIMESTAMP(3)
public	workflow_builder_session	7	updatedAt	timestamp with time zone	timestamptz	NO	CURRENT_TIMESTAMP(3)
public	workflow_builder_session	8	activeVersionCardId	character varying	varchar	YES	
public	workflow_builder_session	9	resumeAfterRestoreMessageId	character varying	varchar	YES	
public	workflow_dependency	1	id	integer	int4	NO	
public	workflow_dependency	2	workflowId	character varying	varchar	NO	
public	workflow_dependency	3	workflowVersionId	integer	int4	NO	
public	workflow_dependency	4	dependencyType	character varying	varchar	NO	
public	workflow_dependency	5	dependencyKey	character varying	varchar	NO	
public	workflow_dependency	6	dependencyInfo	json	json	YES	
public	workflow_dependency	7	indexVersionId	smallint	int2	NO	1
public	workflow_dependency	8	createdAt	timestamp with time zone	timestamptz	NO	CURRENT_TIMESTAMP(3)
public	workflow_dependency	9	publishedVersionId	character varying	varchar	YES	
public	workflow_entity	2	name	character varying	varchar	NO	
public	workflow_entity	3	active	boolean	bool	NO	
public	workflow_entity	4	nodes	json	json	NO	
public	workflow_entity	5	connections	json	json	NO	
public	workflow_entity	6	createdAt	timestamp with time zone	timestamptz	NO	CURRENT_TIMESTAMP(3)
public	workflow_entity	7	updatedAt	timestamp with time zone	timestamptz	NO	CURRENT_TIMESTAMP(3)
public	workflow_entity	8	settings	json	json	YES	
public	workflow_entity	9	staticData	json	json	YES	
public	workflow_entity	10	pinData	json	json	YES	
public	workflow_entity	12	versionId	character	bpchar	NO	
public	workflow_entity	13	triggerCount	integer	int4	NO	0
public	workflow_entity	14	id	character varying	varchar	NO	
public	workflow_entity	15	meta	json	json	YES	
public	workflow_entity	16	parentFolderId	character varying	varchar	YES	NULL::character varying
public	workflow_entity	17	isArchived	boolean	bool	NO	false
public	workflow_entity	18	versionCounter	integer	int4	NO	1
public	workflow_entity	19	description	text	text	YES	
public	workflow_entity	20	activeVersionId	character varying	varchar	YES	
public	workflow_entity	21	nodeGroups	json	json	NO	'[]'::json
public	workflow_entity	22	sourceWorkflowId	character varying	varchar	YES	
public	workflow_history	1	versionId	character varying	varchar	NO	
public	workflow_history	2	workflowId	character varying	varchar	NO	
public	workflow_history	5	authors	character varying	varchar	NO	
public	workflow_history	6	createdAt	timestamp with time zone	timestamptz	NO	CURRENT_TIMESTAMP(3)
public	workflow_history	7	updatedAt	timestamp with time zone	timestamptz	NO	CURRENT_TIMESTAMP(3)
public	workflow_history	8	nodes	json	json	NO	
public	workflow_history	9	connections	json	json	NO	
public	workflow_history	10	name	character varying	varchar	YES	
public	workflow_history	11	autosaved	boolean	bool	NO	false
public	workflow_history	12	description	text	text	YES	
public	workflow_history	13	nodeGroups	json	json	NO	'[]'::json
public	workflow_publication_outbox	1	id	integer	int4	NO	
public	workflow_publication_outbox	2	workflowId	character varying	varchar	NO	
public	workflow_publication_outbox	3	publishedVersionId	character varying	varchar	NO	
public	workflow_publication_outbox	4	status	character varying	varchar	NO	
public	workflow_publication_outbox	5	errorMessage	text	text	YES	
public	workflow_publication_outbox	6	createdAt	timestamp with time zone	timestamptz	NO	CURRENT_TIMESTAMP(3)
public	workflow_publication_outbox	7	updatedAt	timestamp with time zone	timestamptz	NO	CURRENT_TIMESTAMP(3)
public	workflow_publish_history	1	id	integer	int4	NO	
public	workflow_publish_history	2	workflowId	character varying	varchar	NO	
public	workflow_publish_history	3	versionId	character varying	varchar	YES	
public	workflow_publish_history	4	event	character varying	varchar	NO	
public	workflow_publish_history	5	userId	uuid	uuid	YES	
public	workflow_publish_history	6	createdAt	timestamp with time zone	timestamptz	NO	CURRENT_TIMESTAMP(3)
public	workflow_published_version	1	workflowId	character varying	varchar	NO	
public	workflow_published_version	2	publishedVersionId	character varying	varchar	NO	
public	workflow_published_version	3	createdAt	timestamp with time zone	timestamptz	NO	CURRENT_TIMESTAMP(3)
public	workflow_published_version	4	updatedAt	timestamp with time zone	timestamptz	NO	CURRENT_TIMESTAMP(3)
public	workflow_statistics	1	count	bigint	int8	YES	0
public	workflow_statistics	2	latestEvent	timestamp with time zone	timestamptz	YES	
public	workflow_statistics	3	name	character varying	varchar	NO	
public	workflow_statistics	5	workflowId	character varying	varchar	NO	
public	workflow_statistics	6	rootCount	bigint	int8	YES	0
public	workflow_statistics	7	id	integer	int4	NO	nextval('workflow_statistics_id_seq'::regclass)
public	workflow_statistics	8	workflowName	character varying	varchar	YES	
public	workflows_tags	3	workflowId	character varying	varchar	NO	
public	workflows_tags	4	tagId	character varying	varchar	NO	
(917 rows)
